-- phpMyAdmin SQL Dump
-- version 5.2.1
-- https://www.phpmyadmin.net/
--
-- Host: 127.0.0.1
-- Waktu pembuatan: 06 Mar 2024 pada 03.30
-- Versi server: 10.4.32-MariaDB
-- Versi PHP: 8.2.12

SET SQL_MODE = "NO_AUTO_VALUE_ON_ZERO";
START TRANSACTION;
SET time_zone = "+00:00";


/*!40101 SET @OLD_CHARACTER_SET_CLIENT=@@CHARACTER_SET_CLIENT */;
/*!40101 SET @OLD_CHARACTER_SET_RESULTS=@@CHARACTER_SET_RESULTS */;
/*!40101 SET @OLD_COLLATION_CONNECTION=@@COLLATION_CONNECTION */;
/*!40101 SET NAMES utf8mb4 */;

--
-- Database: `ukk03`
--

-- --------------------------------------------------------

--
-- Struktur dari tabel `tb_barang`
--

CREATE TABLE `tb_barang` (
  `id_barang` int(11) NOT NULL,
  `nama_barang` varchar(255) NOT NULL,
  `stok_barang` int(11) NOT NULL,
  `harga_barang` decimal(10,2) NOT NULL
) ENGINE=InnoDB DEFAULT CHARSET=latin1 COLLATE=latin1_swedish_ci;

--
-- Dumping data untuk tabel `tb_barang`
--

INSERT INTO `tb_barang` (`id_barang`, `nama_barang`, `stok_barang`, `harga_barang`) VALUES
(1, 'Rinso', 63, 10000.00),
(2, 'ipong', 3, 12.99),
(3, 'Kopikap', 100, 1000.00),
(4, 'Bolpoin', 8, 50000.00),
(5, 'Soy Joy', 15, 9000.00);

-- --------------------------------------------------------

--
-- Struktur dari tabel `tb_detail_penjualan`
--

CREATE TABLE `tb_detail_penjualan` (
  `id_detail_penjualan` int(11) NOT NULL,
  `id_penjualan` int(11) NOT NULL,
  `id_barang` int(11) NOT NULL,
  `jumlah_barang` int(11) NOT NULL,
  `sub_total` decimal(10,2) NOT NULL
) ENGINE=InnoDB DEFAULT CHARSET=latin1 COLLATE=latin1_swedish_ci;

--
-- Dumping data untuk tabel `tb_detail_penjualan`
--

INSERT INTO `tb_detail_penjualan` (`id_detail_penjualan`, `id_penjualan`, `id_barang`, `jumlah_barang`, `sub_total`) VALUES
(4, 49494035, 2, 3, 38.97),
(5, 49494033, 2, 3, 38.97),
(6, 49494034, 4, 2, 100000.00),
(7, 49494035, 1, 0, 0.00);

-- --------------------------------------------------------

--
-- Struktur dari tabel `tb_login`
--

CREATE TABLE `tb_login` (
  `id_login` int(11) NOT NULL,
  `nama_pengguna` varchar(50) NOT NULL,
  `username_pengguna` varchar(50) NOT NULL,
  `password_pengguna` varchar(50) NOT NULL,
  `status` enum('Administrator','Petugas','','') NOT NULL
) ENGINE=InnoDB DEFAULT CHARSET=latin1 COLLATE=latin1_swedish_ci;

--
-- Dumping data untuk tabel `tb_login`
--

INSERT INTO `tb_login` (`id_login`, `nama_pengguna`, `username_pengguna`, `password_pengguna`, `status`) VALUES
(1, 'ABU NAFI SOHIBUL HIKAM', 'abunafi', '123456', 'Petugas'),
(2, 'ACHMAD UJIONO', 'ujian', '123456', 'Petugas'),
(5, 'ARIFFUR ROHMAN', 'arif', '123', 'Administrator'),
(7, 'Moh.Safik', 'Syafi', '123', 'Administrator');

-- --------------------------------------------------------

--
-- Struktur dari tabel `tb_pelanggan`
--

CREATE TABLE `tb_pelanggan` (
  `id_pelanggan` int(11) NOT NULL,
  `nama_pelanggan` varchar(50) NOT NULL,
  `alamat_pelanggan` text NOT NULL,
  `telepon_pelanggan` varchar(20) NOT NULL
) ENGINE=InnoDB DEFAULT CHARSET=latin1 COLLATE=latin1_swedish_ci;

--
-- Dumping data untuk tabel `tb_pelanggan`
--

INSERT INTO `tb_pelanggan` (`id_pelanggan`, `nama_pelanggan`, `alamat_pelanggan`, `telepon_pelanggan`) VALUES
(23145, 'Raindyy', 'Morlaok', '09876534567'),
(23349, 'Ariff', 'Pangsobung', '09876545678'),
(23420, 'Udee', 'Jelgungg', '0987654321');

-- --------------------------------------------------------

--
-- Struktur dari tabel `tb_penjualan`
--

CREATE TABLE `tb_penjualan` (
  `id_penjualan` int(11) NOT NULL,
  `tgl_penjualan` date NOT NULL,
  `total` decimal(10,2) NOT NULL,
  `id_pelanggan` int(11) NOT NULL,
  `id_login` int(11) NOT NULL
) ENGINE=InnoDB DEFAULT CHARSET=latin1 COLLATE=latin1_swedish_ci;

--
-- Dumping data untuk tabel `tb_penjualan`
--

INSERT INTO `tb_penjualan` (`id_penjualan`, `tgl_penjualan`, `total`, `id_pelanggan`, `id_login`) VALUES
(49494033, '2024-02-15', 38.97, 23145, 1),
(49494034, '2024-02-15', 100000.00, 23349, 1),
(49494035, '2024-02-15', 0.00, 23420, 1);

--
-- Indexes for dumped tables
--

--
-- Indeks untuk tabel `tb_barang`
--
ALTER TABLE `tb_barang`
  ADD PRIMARY KEY (`id_barang`);

--
-- Indeks untuk tabel `tb_detail_penjualan`
--
ALTER TABLE `tb_detail_penjualan`
  ADD PRIMARY KEY (`id_detail_penjualan`),
  ADD KEY `id_barang` (`id_barang`),
  ADD KEY `id_penjualan` (`id_penjualan`);

--
-- Indeks untuk tabel `tb_login`
--
ALTER TABLE `tb_login`
  ADD PRIMARY KEY (`id_login`);

--
-- Indeks untuk tabel `tb_pelanggan`
--
ALTER TABLE `tb_pelanggan`
  ADD PRIMARY KEY (`id_pelanggan`);

--
-- Indeks untuk tabel `tb_penjualan`
--
ALTER TABLE `tb_penjualan`
  ADD PRIMARY KEY (`id_penjualan`),
  ADD KEY `id_login` (`id_login`),
  ADD KEY `id_pelanggan` (`id_pelanggan`,`id_login`) USING BTREE;

--
-- AUTO_INCREMENT untuk tabel yang dibuang
--

--
-- AUTO_INCREMENT untuk tabel `tb_barang`
--
ALTER TABLE `tb_barang`
  MODIFY `id_barang` int(11) NOT NULL AUTO_INCREMENT, AUTO_INCREMENT=9;

--
-- AUTO_INCREMENT untuk tabel `tb_detail_penjualan`
--
ALTER TABLE `tb_detail_penjualan`
  MODIFY `id_detail_penjualan` int(11) NOT NULL AUTO_INCREMENT, AUTO_INCREMENT=8;

--
-- AUTO_INCREMENT untuk tabel `tb_login`
--
ALTER TABLE `tb_login`
  MODIFY `id_login` int(11) NOT NULL AUTO_INCREMENT, AUTO_INCREMENT=9;

--
-- AUTO_INCREMENT untuk tabel `tb_penjualan`
--
ALTER TABLE `tb_penjualan`
  MODIFY `id_penjualan` int(11) NOT NULL AUTO_INCREMENT, AUTO_INCREMENT=49494036;

--
-- Ketidakleluasaan untuk tabel pelimpahan (Dumped Tables)
--

--
-- Ketidakleluasaan untuk tabel `tb_detail_penjualan`
--
ALTER TABLE `tb_detail_penjualan`
  ADD CONSTRAINT `tb_detail_penjualan_ibfk_1` FOREIGN KEY (`id_barang`) REFERENCES `tb_barang` (`id_barang`),
  ADD CONSTRAINT `tb_detail_penjualan_ibfk_2` FOREIGN KEY (`id_penjualan`) REFERENCES `tb_penjualan` (`id_penjualan`);

--
-- Ketidakleluasaan untuk tabel `tb_penjualan`
--
ALTER TABLE `tb_penjualan`
  ADD CONSTRAINT `tb_penjualan_ibfk_1` FOREIGN KEY (`id_login`) REFERENCES `tb_login` (`id_login`),
  ADD CONSTRAINT `tb_penjualan_ibfk_2` FOREIGN KEY (`id_pelanggan`) REFERENCES `tb_pelanggan` (`id_pelanggan`);
COMMIT;

/*!40101 SET CHARACTER_SET_CLIENT=@OLD_CHARACTER_SET_CLIENT */;
/*!40101 SET CHARACTER_SET_RESULTS=@OLD_CHARACTER_SET_RESULTS */;
/*!40101 SET COLLATION_CONNECTION=@OLD_COLLATION_CONNECTION */;
